pipeline,attribute,n_items,cer,wer,exact_match_acc,n_sub,n_del,n_ins,n_missing,n_ref_chars
baseline,รหัสวิชา,63,1.0,,0.0,0,516,0,63,516
baseline,ชื่อวิชา (ไทย) ⭐,63,1.0,1.0,0.0,0,2006,0,63,2006
baseline,ชื่อวิชา (อังกฤษ) ⭐,63,1.0,1.0,0.0,0,1992,0,63,1992
baseline,หน่วยกิต,63,1.0,,0.015873,0,533,0,62,533
baseline,ปี/ภาค,63,1.0,,0.0,0,189,0,63,189
baseline,หมวดวิชา,63,1.0,,0.0,0,893,0,63,893
baseline,บังคับ/เลือก,63,1.0,,0.0,0,350,0,63,350
text,รหัสวิชา,63,0.093023,,0.904762,0,48,0,6,516
text,ชื่อวิชา (ไทย) ⭐,63,0.175972,0.266055,0.761905,38,302,13,6,2006
text,ชื่อวิชา (อังกฤษ) ⭐,63,0.086847,0.180077,0.888889,2,169,2,6,1992
text,หน่วยกิต,63,0.172608,,0.84127,0,84,8,6,533
text,ปี/ภาค,63,0.095238,,0.904762,0,18,0,6,189
text,หมวดวิชา,63,0.131019,,0.857143,17,90,10,6,893
text,บังคับ/เลือก,63,0.137143,,0.873016,10,37,1,6,350
text,วิชาบังคับก่อน,57,0.117647,,0.947368,15,21,0,0,306
text,ปี/ภาคยืดหยุ่น,57,1.0,,0.666667,0,57,0,19,57
