pdf_page,curriculum_page,gt_courses,matched_courses,missing_courses,course_match_rate,exact_course_matches,exact_course_accuracy,overall_field_accuracy,code_accuracy,name_th_accuracy,name_en_accuracy,credits_accuracy,year_accuracy,semester_accuracy,category_accuracy,type_accuracy,prerequisite_accuracy,flexible_year_semester_accuracy,note_accuracy
22,17,1,1,0,1.0,0,0.0,0.45454545454545453,1.0,1.0,0.0,1.0,0.0,0.0,0.0,0.0,1.0,1.0,0.0
23,18,5,5,0,1.0,0,0.0,0.4,1.0,0.8,0.0,1.0,0.0,0.0,0.0,0.0,0.6,0.2,0.8
24,19,11,11,0,1.0,0,0.0,0.4462809917355372,1.0,0.9090909090909091,0.0,1.0,0.0,0.0,0.0,0.0,1.0,0.0,1.0
25,20,4,4,0,1.0,0,0.0,0.4318181818181818,1.0,0.75,0.0,1.0,0.0,0.0,0.0,0.0,1.0,0.0,1.0
31,26,7,7,0,1.0,0,0.0,0.45454545454545453,1.0,0.14285714285714285,0.0,1.0,0.0,0.0,0.0,0.0,1.0,1.0,0.8571428571428571
32,27,12,12,0,1.0,0,0.0,0.5,1.0,0.5,0.0,1.0,0.0,0.0,0.0,0.0,1.0,1.0,1.0
33,28,12,10,2,0.8333333333333334,0,0.0,0.4318181818181818,0.8333333333333334,0.6666666666666666,0.0,0.8333333333333334,0.0,0.0,0.0,0.0,0.75,0.8333333333333334,0.8333333333333334
34,29,5,3,2,0.6,0,0.0,0.2727272727272727,0.6,0.2,0.0,0.4,0.0,0.0,0.2,0.0,0.6,0.6,0.4
35,30,6,2,4,0.3333333333333333,0,0.0,0.18181818181818182,0.3333333333333333,0.16666666666666666,0.0,0.3333333333333333,0.0,0.0,0.16666666666666666,0.0,0.3333333333333333,0.3333333333333333,0.3333333333333333
